{
	"2016-01-01": "New Year's Day (regional holiday)",
	"2016-01-02": "Berchtold Day (regional holiday)",
	"2016-03-25": "Good Friday (regional holiday)",
	"2016-03-27": "Easter Sunday",
	"2016-03-28": "Easter Monday (regional holiday)",
	"2016-04-18": "Sechsel채uten (Zurich)",
	"2016-05-01": "May Day (regional holiday)",
	"2016-05-05": "Ascension Day (regional holiday)",
	"2016-05-15": "Pentecost (regional holiday)",
	"2016-05-16": "Pentecost Monday (regional holiday)",
	"2016-08-01": "Swiss National Day",
	"2016-09-10": "Knabenschiessen (Zurich)",
	"2016-09-11": "Knabenschiessen (Zurich)",
	"2016-09-12": "Knabenschiessen (Zurich)",
	"2016-09-18": "Swiss federal fast (regional holiday)",
	"2016-12-24": "Christmas Eve",
	"2016-12-25": "Christmas Day (regional holiday)",
	"2016-12-26": "St. Stephen's Day (regional holiday)",
	"2016-12-31": "New Year's Eve",
	"2017-01-01": "New Year's Day (regional holiday)",
	"2017-01-02": "Berchtold Day (regional holiday)",
	"2017-04-14": "Good Friday (regional holiday)",
	"2017-04-16": "Easter Sunday",
	"2017-04-17": "Easter Monday (regional holiday)",
	"2017-04-24": "Sechsel채uten (Zurich)",
	"2017-05-01": "May Day (regional holiday)",
	"2017-05-25": "Ascension Day (regional holiday)",
	"2017-06-04": "Pentecost (regional holiday)",
	"2017-06-05": "Pentecost Monday (regional holiday)",
	"2017-08-01": "Swiss National Day",
	"2017-09-09": "Knabenschiessen (Zurich)",
	"2017-09-10": "Knabenschiessen (Zurich)",
	"2017-09-11": "Knabenschiessen (Zurich)",
	"2017-09-17": "Swiss federal fast (regional holiday)",
	"2017-12-24": "Christmas Eve",
	"2017-12-25": "Christmas Day (regional holiday)",
	"2017-12-26": "St. Stephen's Day (regional holiday)",
	"2017-12-31": "New Year's Eve",
	"2018-01-01": "New Year's Day (regional holiday)",
	"2018-01-02": "Berchtold Day (regional holiday)",
	"2018-03-30": "Good Friday (regional holiday)",
	"2018-04-01": "Easter Sunday",
	"2018-04-02": "Easter Monday (regional holiday)",
	"2018-04-16": "Sechsel채uten (Zurich)",
	"2018-05-01": "May Day (regional holiday)",
	"2018-05-10": "Ascension Day (regional holiday)",
	"2018-05-20": "Pentecost (regional holiday)",
	"2018-05-21": "Pentecost Monday (regional holiday)",
	"2018-08-01": "Swiss National Day",
	"2018-09-08": "Knabenschiessen (Zurich)",
	"2018-09-09": "Knabenschiessen (Zurich)",
	"2018-09-10": "Knabenschiessen (Zurich)",
	"2018-09-16": "Swiss federal fast (regional holiday)",
	"2018-12-24": "Christmas Eve",
	"2018-12-25": "Christmas Day (regional holiday)",
	"2018-12-26": "St. Stephen's Day (regional holiday)",
	"2018-12-31": "New Year's Eve",
	"2019-01-01": "New Year's Day (regional holiday)",
	"2019-01-02": "Berchtold Day (regional holiday)",
	"2019-04-15": "Sechsel채uten (Zurich)",
	"2019-04-19": "Good Friday (regional holiday)",
	"2019-04-21": "Easter Sunday",
	"2019-04-22": "Easter Monday (regional holiday)",
	"2019-05-01": "May Day (regional holiday)",
	"2019-05-30": "Ascension Day (regional holiday)",
	"2019-06-09": "Pentecost (regional holiday)",
	"2019-06-10": "Pentecost Monday (regional holiday)",
	"2019-08-01": "Swiss National Day",
	"2019-09-07": "Knabenschiessen (Zurich)",
	"2019-09-08": "Knabenschiessen (Zurich)",
	"2019-09-09": "Knabenschiessen (Zurich)",
	"2019-09-15": "Swiss federal fast (regional holiday)",
	"2019-12-24": "Christmas Eve",
	"2019-12-25": "Christmas Day (regional holiday)",
	"2019-12-26": "St. Stephen's Day (regional holiday)",
	"2019-12-31": "New Year's Eve"
}
